id,name,maker,genre,price,insurance,summary,description,specs,recommendFor,caution,concernTags,sceneTags,userTags,popularity
p001,らくあゆみステッキ軽量型,あおぞら福祉機器,walking,1200,rental,軽くてにぎりやすい定番の一本杖,"握力が弱くなってきた方でも扱いやすい、軽量アルミ製の一本杖です。
グリップは手になじむ楕円形で、長時間ついても手が痛くなりにくい形です。
先ゴムは滑りにくい大型タイプを採用しています。",重さ:290g|高さ調節:71〜94cm(10段階)|材質:アルミ,散歩のときに少し支えがほしい方|最近ふらつきが気になりだした方,体重を強くかける方は多点杖をご検討ください。先ゴムは消耗品です。,ふらつく・転びやすい|屋外の外出が不安,歩く・移動,本人が使う,5
p002,ささえ四点杖ワイド,ケアサポート工業,walking,1800,rental,自立するから立ち上がり時も支えになる四点杖,"接地面が4点に分かれており、一本杖より安定感があります。
手を離しても杖が自立するため、立ち上がりの支えにも使えます。
屋内での伝い歩きの補助にも向いています。",重さ:640g|高さ調節:66〜89cm|材質:アルミ,一本杖では不安になってきた方|屋内での移動が多い方,4点すべてが床に着く角度でご使用ください。坂道では不安定になります。,ふらつく・転びやすい|支えがないと立てない,歩く・移動|立つ・座る,本人が使う,4
p003,おでかけシルバーカーコンパクト,みらいケア,walking,2500,rental,買い物かご付きで休憩イスにもなるシルバーカー,"買い物の荷物を載せて押しながら歩ける、コンパクトタイプのシルバーカーです。
疲れたときは座面を開いてイスとして休憩できます。
ブレーキ付きで坂道でも安心です。",重さ:4.2kg|耐荷重:80kg|かご容量:15L,荷物を持って歩くのがつらい方|途中で休憩したくなる方,体重を全部あずけて寄りかかると転倒のおそれがあります。,荷物を持って歩けない|長い距離を歩けない,歩く・移動,本人が使う,4
